nameSup,surname,midname,phone,mail,birthD
Дарья,Лозинина,Олеговна,+74872013233,WqrpETX@gmail.com,1988-5-17
Валентин,Деверцов,Данилович,+79358245862,twFuWLa@gmail.com,1981-3-2
Федор,Хватиков,Андреевич,+79319143757,GIrKhNu@gmail.com,1988-4-10
Вероника,Меглинская,Аркадьевна,+73653098212,ZnUYZff@gmail.com,1976-4-7
Анна,Мурилина,Сергеевна,+79851859321,LWOBbLi@gmail.com,1984-9-16
Георгий,Околеснов,Тимофеевич,+78558525480,VpgOFZh@gmail.com,1983-11-24
Александр,Гилилов,Кириллович,+73658032439,vVItSXD@gmail.com,1978-11-24
Елена,Цилова,Ивановна,+78650938175,RHiCtoI@gmail.com,1977-11-21
Елена,Урмеева,Максимовна,+74746373206,yXKPOQT@gmail.com,1980-11-26
Вероника,Айранетова,Алексеевна,+79854578647,OJMueAC@gmail.com,1987-12-10
Виталий,Черменинов,Максимович,+73917913988,QKEoTmP@gmail.com,1983-6-22
Пётр,Циринский,Романович,+78632104274,yCtgChs@gmail.com,2001-3-10
Юрий,Колганков,Павлович,+78771158250,fyEizbl@gmail.com,1982-1-28
Игорь,Догадин,Виталиевич,+79111090438,ucyFcBc@gmail.com,1995-7-24
Пётр,Максимцов,Сергеевич,+74961771072,aWOhgyT@gmail.com,1987-3-9
Инна,Патишаева,Валерьевна,+74015692804,CiItTzr@gmail.com,1978-7-27
Надежда,Карачеева,Романовна,+74733608913,bUtsnHY@gmail.com,1999-9-4
Роман,Мигов,Олегович,+79873505607,yljyAOf@gmail.com,1992-5-21
Тарас,Панкрухин,Петрович,+78557877024,FBrFwqv@gmail.com,1973-9-25
Полина,Ишханова,Федоровна,+78512477722,tHgBjDz@gmail.com,1997-1-23
Георгий,Сикаев,Данилович,+78417463954,yZRxJWP@gmail.com,1972-10-19
Яков,Намлинский,Фёдорович,+73943933183,uhxkcgb@gmail.com,1992-10-9
Алёна,Бегачева,Валерьевна,+78483082963,tnTrmGx@gmail.com,1976-6-25
Никита,Ярахтин,Михаилович,+79511334907,fxIdwjE@gmail.com,1990-4-1
Марина,Важнова,Петровна,+79330072149,tEkAYpA@gmail.com,1996-6-1
Кира,Шарганова,Евгеньевна,+73833300003,VqZEkcv@gmail.com,1970-10-4
Кристина,Сторожевых,Кирилловна,+79544581322,MyFZXAo@gmail.com,1972-6-15
Анна,Демогина,Вадимовна,+79687276462,spdBDBT@gmail.com,1981-3-9
Борис,Лукянов,Николаевич,+73958531665,rDPDFea@gmail.com,1975-2-3
Маргарита,Кабошкина,Богдановна,+78785247515,CGRekDe@gmail.com,1979-2-26
Яна,Водовская,Федоровна,+79772284012,OFvgSiW@gmail.com,1984-11-22
Юрий,Слененков,Кириллович,+78137366374,qcameEG@gmail.com,1987-8-9
Дарья,Мечина,Валерьевна,+74822863902,hiJdSlt@gmail.com,1976-3-9
Анатолий,Чародеев,Валериевич,+73910505886,kXoRMgC@gmail.com,1981-5-10
Виолетта,Жумигина,Никитична,+73452240174,EylPXju@gmail.com,1976-1-26
Виталий,Расказимов,Фёдорович,+79721032428,qaXFVTg@gmail.com,1972-9-20
Вероника,Курсова,Максимовна,+73512919687,VAmwfmF@gmail.com,1987-8-2
Алена,Толчкова,Никитична,+79002769384,PucmGRT@gmail.com,1986-11-6
Полина,Хахарева,Михайловна,+78770158583,bfpuXxF@gmail.com,1975-5-12
Алёна,Зикачева,Олеговна,+74948697146,ZrIICkF@gmail.com,1994-4-27
Анастасия,Неворотова,Андреевна,+79348217133,CyCliQB@gmail.com,2001-8-26
Жанна,Балыева,Яковлевна,+79460393266,msAIEaw@gmail.com,1975-4-1
Алиса,Джуранская,Николаевна,+79752217278,GojlSwz@gmail.com,1985-7-1
Максим,Немыкин,Аркадиевич,+79363969046,VugcTzh@gmail.com,1989-2-11
Юлия,Шургинова,Игоревна,+78625748697,oFsxKRY@gmail.com,1992-8-8
Антон,Корзин,Евгеньевич,+79413913899,achHbcH@gmail.com,2002-9-28
Валерия,Рысистова,Андреевна,+74119865355,brmcEwT@gmail.com,1982-2-25
Алена,Кордяшова,Олеговна,+73914440349,ndiErfH@gmail.com,1998-3-16
Вячеслав,Крытов,Юриевич,+79524489393,AErCKoq@gmail.com,1986-11-26
Евгений,Быков,Сергеевич,+79286615209,cMNbHfv@gmail.com,1986-3-21
Руслан,Агадов,Аркадиевич,+79467403219,EiSzINr@gmail.com,1972-6-21
Яна,Язовских,Борисовна,+79905909058,MzMXxJk@gmail.com,1970-4-16
Роман,Траханов,Василиевич,+79317896297,wXMtsnV@gmail.com,2000-11-2
Зинаида,Пещурова,Кирилловна,+79375459535,JiprqKn@gmail.com,1999-3-1
Зинаида,Распашнова,Алексеевна,+79904010575,aaiQyRi@gmail.com,1990-1-21
Наталья,Топалова,Игоревна,+73904215485,gXNpoHD@gmail.com,1971-2-20
Вера,Блынская,Викторовна,+78622532628,XscWjNS@gmail.com,1971-7-22
Любовь,Кужарова,Леонидовна,+78620859263,xjSLAfX@gmail.com,1973-8-28
Ирина,Сморшкова,Николаевна,+79302007573,dXRikTk@gmail.com,1982-9-24
Ксения,Ашратова,Михайловна,+79363730651,kyIFVhs@gmail.com,1971-4-7
Лиза,Мезгина,Алексеевна,+79031446948,tvZKzWH@gmail.com,1996-9-4
Валентин,Порывакин,Кириллович,+79506790714,OardgWX@gmail.com,1999-1-14
Николай,Кужавин,Аркадиевич,+78770200581,FSKgrEq@gmail.com,1991-9-4
Артур,Ликсанов,Юриевич,+78710801154,xymRABB@gmail.com,1993-5-10
Виктор,Ковайкин,Фёдорович,+79309092166,HKnhPTl@gmail.com,1975-10-16
Марина,Саврычева,Викторовна,+79312165656,JhvJivz@gmail.com,1995-10-26
Илья,Каноныхин,Евгеньевич,+79533545202,fIPFxdE@gmail.com,1979-9-8
Пётр,Штарков,Василиевич,+79106795769,xYgAILe@gmail.com,1989-8-1
Илья,Гнедарев,Игоревич,+79685786859,wYSQOAr@gmail.com,1992-8-14
Леонид,Ореховский,Иванович,+78734813700,BRZAWds@gmail.com,1999-6-17
Карина,Сенькина,Вадимовна,+74945951888,rvpKcVi@gmail.com,1994-4-13
Лариса,Шержукова,Леонидовна,+73828626535,MiSHAgu@gmail.com,1985-4-23
Алла,Галенина,Сергеевна,+78732559520,iRvhzfO@gmail.com,2002-7-23
Анастасия,Заверкина,Сергеевна,+73955369779,ztdFFuL@gmail.com,1996-2-26
Григорий,Цыцарнев,Максимович,+79868834238,IEBqAzw@gmail.com,1978-6-4
Роман,Чуреков,Олегович,+73911490585,hzGzZZo@gmail.com,2002-8-11
Андрей,Тиморшин,Тимофеевич,+79102343083,mSuFSlq@gmail.com,1976-1-2
Евгения,Чиповская,Борисовна,+79550684142,dTWUIjN@gmail.com,1994-2-25
Вячеслав,Зимянин,Алексеевич,+73941021476,KudfuRI@gmail.com,1985-9-10
Дмитрий,Тетюцкий,Викторович,+74922300858,skmUrnK@gmail.com,1990-2-11
Елена,Чинчикова,Ивановна,+73943810852,ApILLvC@gmail.com,1985-6-23
Пётр,Амвросов,Виталиевич,+73524516160,FMYKDTa@gmail.com,1997-7-25
Владимир,Челочев,Вадимович,+73846204194,eQgnAWg@gmail.com,1997-11-17
Константин,Торлецкий,Николаевич,+74866727259,NMnBhwW@gmail.com,1982-1-5
Клавдия,Смилянская,Кирилловна,+78715912920,IpTYPCm@gmail.com,1982-9-20
Федор,Ландарский,Алексеевич,+73818488247,McQpYjP@gmail.com,1996-4-14
Валерия,Тюленова,Сергеевна,+79313244983,MLoWmly@gmail.com,1973-5-3
Никита,Кандрин,Сергеевич,+73954558586,gvjpwsQ@gmail.com,1985-7-19
Валерия,Гречкина,Николаевна,+73951423744,YtSIUDa@gmail.com,1977-10-12
Иван,Аллутдинов,Олегович,+78513159732,TEtpbtz@gmail.com,1996-11-15
Яков,Даншинов,Тимофеевич,+79476301500,mBPtAfB@gmail.com,1999-11-7
Софья,Пучнева,Андреевна,+74995020980,mkAREUO@gmail.com,1984-4-10
Евгений,Туккаев,Максимович,+79220375055,uLRoCdA@gmail.com,1992-6-26
Лариса,Манчурова,Борисовна,+73513495933,ACvMjva@gmail.com,1999-3-12
Олег,Дарин,Юрьевич,+79624147708,NtxcPWg@gmail.com,1979-1-13
Владислав,Дачковский,Георгиевич,+78797367249,VOCHlEN@gmail.com,1982-12-2
Полина,Лутовина,Вадимовна,+79325618538,kymLdAC@gmail.com,1997-1-20
Полина,Днесперова,Никитична,+79176245729,xMNEiMz@gmail.com,1994-2-26
Юлия,Кильдиева,Романовна,+74265909974,fdwCuLS@gmail.com,1987-5-4
Людмила,Товаркова,Ивановна,+79599721852,gumQFrw@gmail.com,1986-12-20
Виктор,Шушков,Данилович,+74847146138,pztBgsD@gmail.com,1988-3-1
Елизавета,Бухнина,Олеговна,+78624337493,EAZLdBB@gmail.com,1977-9-16
Ярослав,Нуштаев,Тимофеевич,+79951359810,DpiHqit@gmail.com,1998-7-10
Михаил,Боганов,Борисович,+78433018539,JzPlMdU@gmail.com,1989-10-21
Владислав,Румянов,Павлович,+79906891401,dyvQLkU@gmail.com,1987-11-25
Эдуард,Итяксов,Николаевич,+79242504209,mShHZkG@gmail.com,1981-2-20
Семён,Выгодин,Алексеевич,+79602135649,XTUPSbA@gmail.com,1986-4-26
Тамара,Арзыбаева,Богдановна,+79233299773,lyHbvhz@gmail.com,1983-2-26
Евгения,Хутова,Игоревна,+74752021788,cWyToGY@gmail.com,1973-2-6
Анастасия,Цырипкина,Николаевна,+79191586574,MPlPDWq@gmail.com,1997-1-14
Николай,Рыбалкин,Адамович,+79974163467,gcwHkpr@gmail.com,1982-6-10
Герасим,Сомиков,Сергеевич,+79410967149,gYZECGD@gmail.com,1972-8-10
Александр,Азмайлов,Олегович,+73942525945,unPODab@gmail.com,1998-5-19
Маргарита,Львутина,Эдуардовна,+79759974384,LLiQReI@gmail.com,1970-6-23
Виктор,Пастихин,Николаевич,+79593298589,ZiLGOHL@gmail.com,2002-3-11
Аркадий,Котеночкин,Николаевич,+74232726053,KEdLxyk@gmail.com,1976-4-18
Виталий,Бикчурин,Алексиевич,+73813759414,GJrAPIj@gmail.com,1973-5-8
Вера,Кысина,Борисовна,+78699970842,ojvcugO@gmail.com,1989-12-12
Алиса,Ибдиминова,Валерьевна,+79314893658,tyOsYVr@gmail.com,1999-11-9
Клавдия,Шеварутина,Богдановна,+74936601682,fORvyQz@gmail.com,1991-2-18
Клара,Вербанская,Богдановна,+78553649660,RzvOBKD@gmail.com,1976-9-10
Виктория,Саввашеева,Петровна,+78710135166,iUXPaTC@gmail.com,1998-8-13
Руслан,Беликоев,Алексеевич,+73826013262,btVwCqF@gmail.com,1981-4-26
Владимир,Фазулжанов,Олегович,+78793250361,KckrftM@gmail.com,1993-7-5
Михаил,Зюрнин,Денисович,+78510545409,wpkFDwn@gmail.com,1976-5-24
Любовь,Масаидова,Василевна,+79694864948,ooAYjfE@gmail.com,1989-2-12
Роман,Ножкин,Аркадиевич,+78218725028,zxnqCGp@gmail.com,1995-6-5
Анна,Копачкова,Николаевна,+79710239850,hwCtQxw@gmail.com,1997-5-2
Ева,Ченина,Евгеньевна,+74874495210,DCmIprb@gmail.com,1986-9-13
Раиса,Швындина,Петровна,+78715826592,OiLZHYq@gmail.com,1974-7-5
Кристина,Кардеева,Игоревна,+78736400749,tPrlToI@gmail.com,1973-6-6
Владислав,Бальшаков,Иванович,+79911672155,KySeibp@gmail.com,1984-11-24
Алина,Пойменова,Никитична,+79245890420,SvSMLso@gmail.com,2002-9-26
Вера,Наружина,Михайловна,+79708494450,zfVxflj@gmail.com,1978-10-17
Иван,Гордилин,Фёдорович,+79734559719,dRAVbjs@gmail.com,1990-12-8
Карина,Сморыгина,Ивановна,+78783887333,OLjCvvs@gmail.com,1983-10-4
Галина,Нагаева,Егоровна,+79325483977,mOzioeF@gmail.com,1972-2-18
Виолетта,Битенева,Яковлевна,+79739048136,RrUXkSZ@gmail.com,1990-9-9
Анастасия,Саморезова,Борисовна,+79916137960,DAnUsOG@gmail.com,1989-7-15
Маргарита,Кирдякина,Олеговна,+73650123410,kvtioAi@gmail.com,1973-4-10
Валерий,Котиев,Иванович,+79706711958,CrZiJDm@gmail.com,1979-7-7
Евгений,Казилин,Алексеевич,+78777765578,KPMCijX@gmail.com,1985-4-9
Клавдия,Фарыкина,Игоревна,+79656323962,rhILOKA@gmail.com,1990-7-12
Вера,Клишина,Яковлевна,+79593703771,AHVokBj@gmail.com,1985-11-27
Антон,Доротов,Фёдорович,+78717600907,tjWzTnz@gmail.com,1983-7-3
Галина,Славущева,Федоровна,+79965952988,GrnbfxM@gmail.com,1987-8-26
Любовь,Дамская,Николаевна,+79125339910,nMNXgAE@gmail.com,1976-7-20
Андрей,Забнин,Антонович,+79417932474,nJOcDsD@gmail.com,1994-1-21
Антон,Пленин,Иванович,+79808942742,jRHXQrW@gmail.com,1990-3-14
Алексей,Кудянов,Михаилович,+74746587555,HoICfdP@gmail.com,1977-4-13
Алена,Ипакова,Леонидовна,+79146608316,pprnlGt@gmail.com,2000-12-17
Кирилл,Копчиков,Валериевич,+79605387264,hAhaYxG@gmail.com,1992-12-21
Карина,Будакаева,Сергеевна,+79320212790,cVxvpFW@gmail.com,1988-7-28
Степан,Мумряев,Яковлевич,+74957628155,ZgeSILk@gmail.com,2000-12-27
Степан,Прокушин,Павлович,+79445912875,pKGMTjN@gmail.com,1970-2-7
Юлия,Галчикова,Максимовна,+79296874819,MOefFaa@gmail.com,1997-3-21
Елена,Борисичева,Дмитриевна,+74752115176,uAJEpAx@gmail.com,1992-12-5
Кира,Насекина,Николаевна,+79019126135,qFkPgNQ@gmail.com,1972-2-7
Никита,Копьеванов,Юриевич,+78780599097,bAtQvHm@gmail.com,1978-12-26
Ярослав,Алекберов,Фёдорович,+78780681153,XZHZlga@gmail.com,1993-9-7
Василий,Сафаров,Леонидович,+74135470202,tDFFkAP@gmail.com,1992-6-12
Алина,Клюканова,Вадимовна,+78215341539,cApHgsI@gmail.com,1988-8-15
Павел,Пенев,Игоревич,+73889486475,MgAaQJK@gmail.com,1977-7-23
Софья,Чекалина,Эдуардовна,+79046449625,SYRcKqa@gmail.com,1972-7-6
Яна,Кузютина,Кирилловна,+78319554969,DyzTWvH@gmail.com,1987-4-13
Вячеслав,Дыгин,Вадимович,+79267016016,KauHtMv@gmail.com,1993-1-11
Дмитрий,Флотов,Юрьевич,+79602132171,TxDTapn@gmail.com,1970-7-10
Людмила,Лазукова,Андреевна,+74995592659,pVfmqEQ@gmail.com,1995-8-1
Алина,Милиенкова,Борисовна,+78797960862,ohGTdse@gmail.com,1998-6-2
Ирина,Ланьшина,Кирилловна,+79729354377,qoRvIDz@gmail.com,1996-2-9
Клара,Ломахова,Олеговна,+79196907803,bfiElwf@gmail.com,1993-11-26
Алена,Магрова,Егоровна,+73909367082,xZsStkd@gmail.com,1977-8-7
Анна,Явникова,Егоровна,+79355934610,eDxxQWy@gmail.com,1978-1-25
Екатерина,Фамильская,Аркадьевна,+78639152047,dLrkHTF@gmail.com,1999-3-18
Алиса,Апольцева,Богдановна,+78519583232,fZNwuff@gmail.com,1984-1-23
Владислав,Спикалов,Яковлевич,+79957917120,OGHnccZ@gmail.com,1992-11-20
Ксения,Благишина,Дмитриевна,+79235362924,IUiFeVZ@gmail.com,1982-11-5
Софья,Блашеева,Николаевна,+74913662581,awNsoda@gmail.com,1972-10-23
Степан,Нюдочкин,Георгиевич,+74717929801,TfxMhEm@gmail.com,1974-11-4
Виталий,Туровцев,Данилович,+78631169167,UkENCwf@gmail.com,1973-6-20
Екатерина,Чаусова,Василевна,+79231537602,NApJrXH@gmail.com,1992-3-5
Роман,Исканцев,Кириллович,+79896393694,zvNGnWH@gmail.com,1995-10-25
Виктория,Шелюхина,Михайловна,+79560018951,mEblnvy@gmail.com,1983-7-5
Юрий,Ромочкин,Алексиевич,+74923118337,qAanyZi@gmail.com,1973-11-25
Клавдия,Суляева,Игоревна,+79554310706,AgENxHV@gmail.com,1980-4-8
Вячеслав,Чепакин,Аркадиевич,+79876337043,fGbbKGn@gmail.com,1985-12-21
Антон,Жуленков,Антонович,+79018698723,XfqKaqK@gmail.com,1980-11-24
Иван,Сухаруких,Максимович,+78514137237,fALiQmE@gmail.com,1994-4-14
Людмила,Ращинская,Михайловна,+73953050568,TuAcHLP@gmail.com,1992-9-15
Виталий,Парушкеев,Василиевич,+79300798855,mjWLRRQ@gmail.com,1970-12-25
Клара,Толочкова,Николаевна,+79335933283,YaOgYrg@gmail.com,1999-12-7
Леонид,Турусов,Евгеньевич,+79007636238,yxWVFnM@gmail.com,1990-5-1
Владимир,Махотенков,Виталиевич,+79179328093,VBnhhgr@gmail.com,1990-1-25
Никита,Ведешин,Алексиевич,+78620619578,hgsHCBv@gmail.com,1978-4-14
Кристина,Кознякова,Сергеевна,+78616989632,YSjkeRF@gmail.com,1981-4-26
Тамара,Крицкова,Андреевна,+74946139969,FUWbqPl@gmail.com,1976-10-8
Полина,Хатрусова,Кирилловна,+73959795006,QlLWAOF@gmail.com,1973-5-27
Василий,Арыков,Леонидович,+78657098585,SWUJorz@gmail.com,1979-11-26
Полина,Машинина,Андреевна,+79789312114,lgmJLPe@gmail.com,1986-12-28
Лиза,Задубина,Дмитриевна,+79091201930,utklLxT@gmail.com,1996-11-1
